{"runtime_seconds":0.001062154769897461,"_timestamp":1.755145324485734e+09,"_wandb":{"runtime":0},"_runtime":0,"_step":0,"ARI":0.8033606147382805}