{"_timestamp":1.755145419693847e+09,"_step":0,"ARI":0.7407336369137213,"_wandb":{"runtime":3},"_runtime":3,"runtime_seconds":3.1245028972625732}