{"_step":0,"ARI":0.7854757031784071,"runtime_seconds":3.228637933731079,"_wandb":{"runtime":3},"_runtime":3,"_timestamp":1.755145858192928e+09}