{"_runtime":3,"ARI":0.7706655019636961,"runtime_seconds":3.021137237548828,"_timestamp":1.755145844619811e+09,"_step":0,"_wandb":{"runtime":3}}