{"_timestamp":1.7551453349914749e+09,"_step":0,"_wandb":{"runtime":0},"_runtime":0,"ARI":0.7697522840559946,"runtime_seconds":0.0010139942169189453}