{"_runtime":0,"_timestamp":1.7551456782657611e+09,"_step":0,"ARI":0.8033606147382805,"runtime_seconds":0.0011720657348632812,"_wandb":{"runtime":0}}