{"_step":0,"ARI":0.830141070416819,"runtime_seconds":0.0010881423950195312,"_timestamp":1.7551452943261912e+09,"_wandb":{"runtime":0},"_runtime":0}