{"runtime_seconds":0.07419013977050781,"_timestamp":1.755145562931425e+09,"_step":0,"_wandb":{"runtime":0},"_runtime":0,"ARI":0.7033606147382805}