{"runtime_seconds":0.07363390922546387,"_timestamp":1.755145552893645e+09,"_wandb":{"runtime":0},"_runtime":0,"_step":0,"ARI":0.6762162684412157}