{"_timestamp":1.755145512077954e+09,"_step":0,"_wandb":{"runtime":0},"_runtime":0,"ARI":0.6794569741068599,"runtime_seconds":0.07395291328430176}