{"_runtime":0,"_step":0,"ARI":0.730141070416819,"runtime_seconds":0.11423587799072266,"_timestamp":1.755145893161363e+09,"_wandb":{"runtime":0}}