{"ARI":0.692762715187883,"_wandb":{"runtime":0},"_runtime":0,"runtime_seconds":0.07561302185058594,"_timestamp":1.7551455427949262e+09,"_step":0}