{"runtime_seconds":3.003391981124878,"_timestamp":1.755145831442098e+09,"_step":0,"ARI":0.729576432533086,"_wandb":{"runtime":3},"_runtime":3}