{"runtime_seconds":0.0010690689086914062,"_timestamp":1.755145623450648e+09,"_wandb":{"runtime":0},"_runtime":0,"_step":0,"ARI":0.7794569741068599}