{"_step":0,"_wandb":{"runtime":0},"_runtime":0,"ARI":0.7794569741068599,"runtime_seconds":0.0019350051879882812,"_timestamp":1.755145273969433e+09}