{"_wandb":{"runtime":0},"_runtime":0,"avg_dist_k1":2.8610230629055877e-07,"_timestamp":1.755143593313536e+09,"_step":0}