{"_wandb":{"runtime":0},"_runtime":0,"_step":0,"ARI":0.730141070416819,"runtime_seconds":0.07047009468078613,"_timestamp":1.7551455325651772e+09}