{"_wandb":{"runtime":0},"_runtime":0,"_step":0,"ARI":0.7657365982061701,"runtime_seconds":0.0024919509887695312,"_timestamp":1.755143892720931e+09}