{"_timestamp":1.755145749809304e+09,"_step":0,"_wandb":{"runtime":4},"_runtime":4,"ARI":0.7868970079848995,"runtime_seconds":3.9723939895629883}