{"runtime_seconds":3.0849556922912598,"_timestamp":1.75514547447957e+09,"_step":0,"ARI":0.729576432533086,"_wandb":{"runtime":3},"_runtime":3}