{"ARI":0.6697522840559946,"runtime_seconds":0.07697296142578125,"_timestamp":1.755145573354093e+09,"_step":0,"_wandb":{"runtime":0},"_runtime":0}