{"ARI":0.6881998513081934,"_wandb":{"runtime":0},"_runtime":0,"runtime_seconds":0.07927513122558594,"_timestamp":1.755145947291627e+09,"_step":0}