{"_runtime":0,"ARI":0.7360615187645088,"runtime_seconds":0.07270503044128418,"_timestamp":1.755145522394787e+09,"_step":0,"_wandb":{"runtime":0}}