{"ARI":0.7489683435153012,"runtime_seconds":2.9423727989196777,"_timestamp":1.7551441384511292e+09,"_wandb":{"runtime":2},"_runtime":2,"_step":0}