{"_step":0,"_wandb":{"runtime":0},"_runtime":0,"ARI":0.7751135561127087,"runtime_seconds":0.0011298656463623047,"_timestamp":1.75514535545046e+09}