{"runtime_seconds":2.9378411769866943,"_timestamp":1.755145778741236e+09,"_step":0,"_wandb":{"runtime":2},"_runtime":2,"ARI":0.7407336369137213}