{"_wandb":{"runtime":9},"_runtime":9,"_timestamp":1.755164137240694e+09,"_step":0,"ARI":0.4108968708840979,"runtime_seconds":9.720619201660156}