{"_timestamp":1.755145433792143e+09,"_step":0,"_wandb":{"runtime":3},"_runtime":3,"ARI":0.7405470587635623,"runtime_seconds":3.029118299484253}