{"ARI":0.8266409810924112,"runtime_seconds":0.0011603832244873047,"_timestamp":1.755145720921973e+09,"_wandb":{"runtime":0},"_runtime":0,"_step":0}