{"_runtime":0,"ARI":0.6881998513081934,"runtime_seconds":0.07711911201477051,"_timestamp":1.7551455836721852e+09,"_step":0,"_wandb":{"runtime":0}}