{"runtime_seconds":3.379603862762451,"_timestamp":1.755145765345123e+09,"_step":0,"_wandb":{"runtime":3},"_runtime":3,"ARI":0.7180134406877525}