{"ARI":0.7868970079848995,"runtime_seconds":3.0625150203704834,"_timestamp":1.755145392917415e+09,"_step":0,"_wandb":{"runtime":3},"_runtime":3}