{"_runtime":2,"_step":0,"ARI":0.7706655019636961,"runtime_seconds":2.9529759883880615,"_timestamp":1.755145487730772e+09,"_wandb":{"runtime":2}}