{"ARI":0.830141070416819,"runtime_seconds":0.001110076904296875,"_timestamp":1.755145644573791e+09,"_wandb":{"runtime":0},"_runtime":0,"_step":0}