{"_wandb":{"runtime":3},"_runtime":3,"_step":0,"ARI":0.7461893807932682,"runtime_seconds":3.1146152019500732,"_timestamp":1.755145818402585e+09}