{"ARI":0.8266409810924112,"runtime_seconds":0.0010161399841308594,"_timestamp":1.7551453659967418e+09,"_step":0,"_wandb":{"runtime":0},"_runtime":0}