{"_step":0,"_wandb":{"runtime":0},"_runtime":0,"ARI":0.6794569741068599,"runtime_seconds":0.07396101951599121,"_timestamp":1.755144146976649e+09}