{"ARI":0.792762715187883,"runtime_seconds":0.0011720657348632812,"_wandb":{"runtime":0},"_runtime":0,"_timestamp":1.7551456558786628e+09,"_step":0}