{"ARI":0.6794569741068599,"runtime_seconds":0.0717928409576416,"_wandb":{"runtime":0},"_runtime":0,"_timestamp":1.755145868660599e+09,"_step":0}