{"_step":0,"ARI":0.7360615187645088,"runtime_seconds":0.07308602333068848,"_timestamp":1.7551458792070668e+09,"_wandb":{"runtime":0},"_runtime":0}