{"ARI":0.48596673893683334,"_wandb":{"runtime":69},"_runtime":69,"runtime_seconds":68.91940402984619,"_timestamp":1.7551639733191721e+09,"_step":0}