{"_runtime":3,"ARI":0.7489683435153012,"runtime_seconds":3.060487747192383,"_timestamp":1.755145379344418e+09,"_step":0,"_wandb":{"runtime":3}}