{"runtime_seconds":2.969900131225586,"_timestamp":1.7551454472013981e+09,"_step":0,"_wandb":{"runtime":3},"_runtime":3,"ARI":0.7285382904877398}