{"_step":0,"ARI":0.7928118717248829,"runtime_seconds":0.00092315673828125,"_wandb":{"runtime":0},"_runtime":0,"_timestamp":1.75514395873576e+09}