{"_step":0,"_wandb":{"runtime":0},"_runtime":0,"ARI":0.7657365982061701,"runtime_seconds":0.001993894577026367,"_timestamp":1.755143952617197e+09}