{"ARI":0.7881998513081934,"runtime_seconds":0.001096963882446289,"_timestamp":1.755145345104624e+09,"_wandb":{"runtime":0},"_runtime":0,"_step":0}