{"_runtime":0,"ARI":0.7794569741068599,"runtime_seconds":0.0021409988403320312,"_timestamp":1.7551441185964968e+09,"_step":0,"_wandb":{"runtime":0}}