{"_runtime":0,"ARI":0.7881998513081934,"runtime_seconds":0.0010919570922851562,"_timestamp":1.7551456991750588e+09,"_step":0,"_wandb":{"runtime":0}}