{"_step":0,"_wandb":{"runtime":0},"_runtime":0,"ARI":0.7762162684412157,"runtime_seconds":0.0010898113250732422,"_timestamp":1.7551453145649831e+09}