{"ARI":0.6751135561127088,"runtime_seconds":0.07460689544677734,"_wandb":{"runtime":0},"_runtime":0,"_timestamp":1.755145957579783e+09,"_step":0}