{"_wandb":{"runtime":2},"_runtime":2,"ARI":0.7285382904877398,"runtime_seconds":2.958281993865967,"_timestamp":1.7551458048649652e+09,"_step":0}