{"ARI":0.6762162684412157,"runtime_seconds":0.06867504119873047,"_timestamp":1.755145915709573e+09,"_step":0,"_wandb":{"runtime":0},"_runtime":0}