{"_timestamp":1.7551432668130271e+09,"_wandb":{"runtime":0},"_runtime":0,"_step":0,"avg_dist_k1":3.194809039541724e-07}