{"_timestamp":1.755145904422157e+09,"_wandb":{"runtime":0},"_runtime":0,"_step":0,"ARI":0.692762715187883,"runtime_seconds":0.07142877578735352}