{"_wandb":{"runtime":3},"_runtime":3,"_step":0,"ARI":0.7489683435153012,"runtime_seconds":3.661820888519287,"_timestamp":1.7551457353247309e+09}