{"runtime_seconds":0.0011048316955566406,"_timestamp":1.755145633969024e+09,"_wandb":{"runtime":0},"_runtime":0,"_step":0,"ARI":0.8360615187645087}