{"_runtime":3,"ARI":0.7854757031784071,"runtime_seconds":3.2185139656066895,"_timestamp":1.755145501525873e+09,"_step":0,"_wandb":{"runtime":3}}