{"_timestamp":1.755145613276768e+09,"_step":0,"_wandb":{"runtime":0},"_runtime":0,"ARI":0.7266409810924113,"runtime_seconds":0.06633591651916504}