{"_step":0,"ARI":0.8360615187645087,"runtime_seconds":0.0011088848114013672,"_timestamp":1.7551452840697558e+09,"_wandb":{"runtime":0},"_runtime":0}