{"_wandb":{"runtime":0},"_runtime":0,"ARI":0.7762162684412157,"runtime_seconds":0.0014090538024902344,"_timestamp":1.755145667517356e+09,"_step":0}