{"ARI":0.7405470587635623,"runtime_seconds":3.0327987670898438,"_timestamp":1.7551457920038521e+09,"_step":0,"_wandb":{"runtime":3},"_runtime":3}