{"_runtime":3,"ARI":0.7180134406877525,"runtime_seconds":3.0571887493133545,"_timestamp":1.755145406329675e+09,"_step":0,"_wandb":{"runtime":3}}