{"_runtime":3,"ARI":0.7461893807932682,"runtime_seconds":3.3566253185272217,"_timestamp":1.75514546133356e+09,"_step":0,"_wandb":{"runtime":3}}