{"_step":0,"ARI":0.6751135561127088,"runtime_seconds":0.07124996185302734,"_timestamp":1.755145594025905e+09,"_wandb":{"runtime":0},"_runtime":0}