{"runtime_seconds":0.0009961128234863281,"_timestamp":1.755145304599811e+09,"_step":0,"ARI":0.792762715187883,"_wandb":{"runtime":0},"_runtime":0}