{"_timestamp":1.7551457099467719e+09,"_step":0,"_wandb":{"runtime":0},"_runtime":0,"ARI":0.7751135561127087,"runtime_seconds":0.0010619163513183594}