{"_wandb":{"runtime":0},"_runtime":0,"ARI":0.7033606147382805,"runtime_seconds":0.07249307632446289,"_timestamp":1.7551459262751172e+09,"_step":0}