{"_runtime":0,"_timestamp":1.7551459677092621e+09,"_step":0,"ARI":0.7266409810924113,"runtime_seconds":0.07344317436218262,"_wandb":{"runtime":0}}