{"_wandb":{"runtime":0},"_runtime":0,"_step":0,"ARI":0.7697522840559946,"runtime_seconds":0.0011370182037353516,"_timestamp":1.755145688629081e+09}