{"runtime_seconds":0.07123184204101562,"_timestamp":1.755145936951468e+09,"_step":0,"ARI":0.6697522840559946,"_wandb":{"runtime":0},"_runtime":0}